feature_set,iteration,fold,class_label,precision,recall,f1
understand追加前 (excl3),iteration_1,avg_of_10folds,クラス0(FALSE),0.6866666666666666,0.6583333333333333,0.6265873015873016
understand追加前 (excl3),iteration_1,avg_of_10folds,クラス1(TRUE),0.7695238095238095,0.7583333333333333,0.7045238095238096
understand追加前 (excl3),iteration_2,avg_of_10folds,クラス0(FALSE),0.7766666666666666,0.7333333333333333,0.7221428571428571
understand追加前 (excl3),iteration_2,avg_of_10folds,クラス1(TRUE),0.7538095238095238,0.75,0.7330447330447329
understand追加前 (excl3),iteration_3,avg_of_10folds,クラス0(FALSE),0.7083333333333333,0.6666666666666666,0.6714285714285714
understand追加前 (excl3),iteration_3,avg_of_10folds,クラス1(TRUE),0.7366666666666667,0.7333333333333333,0.7087301587301587
understand追加前 (excl3),iteration_4,avg_of_10folds,クラス0(FALSE),0.8083333333333332,0.7916666666666666,0.7892857142857144
understand追加前 (excl3),iteration_4,avg_of_10folds,クラス1(TRUE),0.8316666666666667,0.8,0.7948412698412698
understand追加前 (excl3),iteration_5,avg_of_10folds,クラス0(FALSE),0.7716666666666667,0.6166666666666666,0.6453174603174603
understand追加前 (excl3),iteration_5,avg_of_10folds,クラス1(TRUE),0.7233333333333334,0.7749999999999999,0.7153174603174602
understand追加前 (excl3),iteration_6,avg_of_10folds,クラス0(FALSE),0.6383333333333333,0.5583333333333333,0.5734126984126984
understand追加前 (excl3),iteration_6,avg_of_10folds,クラス1(TRUE),0.6566666666666667,0.725,0.6769047619047619
understand追加前 (excl3),iteration_7,avg_of_10folds,クラス0(FALSE),0.7566666666666666,0.725,0.7196031746031746
understand追加前 (excl3),iteration_7,avg_of_10folds,クラス1(TRUE),0.7333333333333334,0.7166666666666667,0.7018253968253968
understand追加前 (excl3),iteration_8,avg_of_10folds,クラス0(FALSE),0.745,0.775,0.7404761904761904
understand追加前 (excl3),iteration_8,avg_of_10folds,クラス1(TRUE),0.8183333333333334,0.7916666666666666,0.7826190476190475
understand追加前 (excl3),iteration_9,avg_of_10folds,クラス0(FALSE),0.7733333333333333,0.8083333333333332,0.7769841269841271
understand追加前 (excl3),iteration_9,avg_of_10folds,クラス1(TRUE),0.8166666666666667,0.75,0.7719047619047619
understand追加前 (excl3),iteration_10,avg_of_10folds,クラス0(FALSE),0.8816666666666666,0.7583333333333333,0.7917460317460318
understand追加前 (excl3),iteration_10,avg_of_10folds,クラス1(TRUE),0.79,0.8583333333333334,0.8058730158730159
understand追加前 (excl3),final_average,-,クラス0(FALSE),0.7546666666666667,0.7091666666666667,0.7056984126984126
understand追加前 (excl3),final_average,-,クラス1(TRUE),0.763,0.7658333333333334,0.7395584415584414
understand追加前 (merge3_4),iteration_1,avg_of_10folds,クラス0(FALSE),0.8766666666666666,0.7166666666666666,0.7607142857142856
understand追加前 (merge3_4),iteration_1,avg_of_10folds,クラス1(TRUE),0.76,0.8666666666666666,0.7873809523809523
understand追加前 (merge3_4),iteration_2,avg_of_10folds,クラス0(FALSE),0.7883333333333333,0.6833333333333333,0.7043650793650794
understand追加前 (merge3_4),iteration_2,avg_of_10folds,クラス1(TRUE),0.74,0.7833333333333333,0.7453174603174604
understand追加前 (merge3_4),iteration_3,avg_of_10folds,クラス0(FALSE),0.7516666666666667,0.7166666666666666,0.6975396825396827
understand追加前 (merge3_4),iteration_3,avg_of_10folds,クラス1(TRUE),0.7838095238095237,0.7583333333333333,0.7515367965367965
understand追加前 (merge3_4),iteration_4,avg_of_10folds,クラス0(FALSE),0.7533333333333333,0.6583333333333333,0.6847619047619047
understand追加前 (merge3_4),iteration_4,avg_of_10folds,クラス1(TRUE),0.6216666666666667,0.7083333333333333,0.6523015873015872
understand追加前 (merge3_4),iteration_5,avg_of_10folds,クラス0(FALSE),0.7966666666666666,0.75,0.7591269841269842
understand追加前 (merge3_4),iteration_5,avg_of_10folds,クラス1(TRUE),0.7566666666666666,0.775,0.7534126984126984
understand追加前 (merge3_4),iteration_6,avg_of_10folds,クラス0(FALSE),0.7266666666666667,0.5833333333333333,0.6247619047619049
understand追加前 (merge3_4),iteration_6,avg_of_10folds,クラス1(TRUE),0.6433333333333333,0.75,0.676984126984127
understand追加前 (merge3_4),iteration_7,avg_of_10folds,クラス0(FALSE),0.8233333333333335,0.7583333333333333,0.7679365079365079
understand追加前 (merge3_4),iteration_7,avg_of_10folds,クラス1(TRUE),0.7516666666666666,0.775,0.7440476190476191
understand追加前 (merge3_4),iteration_8,avg_of_10folds,クラス0(FALSE),0.8033333333333333,0.7083333333333333,0.7138095238095238
understand追加前 (merge3_4),iteration_8,avg_of_10folds,クラス1(TRUE),0.7483333333333333,0.7916666666666666,0.7424603174603174
understand追加前 (merge3_4),iteration_9,avg_of_10folds,クラス0(FALSE),0.8350000000000002,0.7083333333333333,0.7399206349206349
understand追加前 (merge3_4),iteration_9,avg_of_10folds,クラス1(TRUE),0.78,0.825,0.7884126984126983
understand追加前 (merge3_4),iteration_10,avg_of_10folds,クラス0(FALSE),0.8233333333333333,0.725,0.738968253968254
understand追加前 (merge3_4),iteration_10,avg_of_10folds,クラス1(TRUE),0.7316666666666667,0.7666666666666666,0.7284126984126984
understand追加前 (merge3_4),final_average,-,クラス0(FALSE),0.7978333333333334,0.7008333333333332,0.7191904761904763
understand追加前 (merge3_4),final_average,-,クラス1(TRUE),0.7317142857142857,0.78,0.7370266955266954
understand追加後 (excl3),iteration_1,avg_of_10folds,クラス0(FALSE),0.8433333333333334,0.75,0.7646825396825395
understand追加後 (excl3),iteration_1,avg_of_10folds,クラス1(TRUE),0.8033333333333333,0.8333333333333333,0.8004761904761905
understand追加後 (excl3),iteration_2,avg_of_10folds,クラス0(FALSE),0.8516666666666666,0.875,0.8480158730158729
understand追加後 (excl3),iteration_2,avg_of_10folds,クラス1(TRUE),0.8916666666666666,0.825,0.8435714285714285
understand追加後 (excl3),iteration_3,avg_of_10folds,クラス0(FALSE),0.7233333333333334,0.7083333333333333,0.7038888888888888
understand追加後 (excl3),iteration_3,avg_of_10folds,クラス1(TRUE),0.7833333333333334,0.7916666666666666,0.7692063492063491
understand追加後 (excl3),iteration_4,avg_of_10folds,クラス0(FALSE),0.8004761904761905,0.8,0.782012987012987
understand追加後 (excl3),iteration_4,avg_of_10folds,クラス1(TRUE),0.75,0.7666666666666666,0.746031746031746
understand追加後 (excl3),iteration_5,avg_of_10folds,クラス0(FALSE),0.7566666666666666,0.7,0.7079365079365079
understand追加後 (excl3),iteration_5,avg_of_10folds,クラス1(TRUE),0.73,0.7416666666666666,0.7279365079365079
understand追加後 (excl3),iteration_6,avg_of_10folds,クラス0(FALSE),0.7433333333333334,0.7083333333333333,0.7149206349206348
understand追加後 (excl3),iteration_6,avg_of_10folds,クラス1(TRUE),0.7616666666666667,0.775,0.7561904761904762
understand追加後 (excl3),iteration_7,avg_of_10folds,クラス0(FALSE),0.8083333333333332,0.8333333333333333,0.8036507936507936
understand追加後 (excl3),iteration_7,avg_of_10folds,クラス1(TRUE),0.8266666666666665,0.7416666666666667,0.7584920634920634
understand追加後 (excl3),iteration_8,avg_of_10folds,クラス0(FALSE),0.8616666666666667,0.7583333333333333,0.7788095238095237
understand追加後 (excl3),iteration_8,avg_of_10folds,クラス1(TRUE),0.7966666666666666,0.85,0.7980158730158731
understand追加後 (excl3),iteration_9,avg_of_10folds,クラス0(FALSE),0.8016666666666665,0.8666666666666666,0.8252380952380953
understand追加後 (excl3),iteration_9,avg_of_10folds,クラス1(TRUE),0.8466666666666667,0.7416666666666666,0.7722222222222223
understand追加後 (excl3),iteration_10,avg_of_10folds,クラス0(FALSE),0.8633333333333333,0.7666666666666666,0.7838888888888889
understand追加後 (excl3),iteration_10,avg_of_10folds,クラス1(TRUE),0.8066666666666666,0.8583333333333334,0.8174603174603174
understand追加後 (excl3),final_average,-,クラス0(FALSE),0.8053809523809523,0.7766666666666666,0.7713044733044733
understand追加後 (excl3),final_average,-,クラス1(TRUE),0.7996666666666667,0.7924999999999999,0.7789603174603175
understand追加後 (merge3_4),iteration_1,avg_of_10folds,クラス0(FALSE),0.9099999999999999,0.85,0.8642857142857142
understand追加後 (merge3_4),iteration_1,avg_of_10folds,クラス1(TRUE),0.8550000000000001,0.9,0.859126984126984
understand追加後 (merge3_4),iteration_2,avg_of_10folds,クラス0(FALSE),0.805,0.775,0.7480158730158731
understand追加後 (merge3_4),iteration_2,avg_of_10folds,クラス1(TRUE),0.8149999999999998,0.7583333333333333,0.7524603174603175
understand追加後 (merge3_4),iteration_3,avg_of_10folds,クラス0(FALSE),0.8283333333333334,0.8583333333333332,0.8301587301587301
understand追加後 (merge3_4),iteration_3,avg_of_10folds,クラス1(TRUE),0.8766666666666666,0.8166666666666667,0.8335714285714285
understand追加後 (merge3_4),iteration_4,avg_of_10folds,クラス0(FALSE),0.8671428571428571,0.8,0.7932034632034631
understand追加後 (merge3_4),iteration_4,avg_of_10folds,クラス1(TRUE),0.7383333333333333,0.7833333333333334,0.7460317460317459
understand追加後 (merge3_4),iteration_5,avg_of_10folds,クラス0(FALSE),0.8916666666666666,0.7333333333333333,0.7778571428571429
understand追加後 (merge3_4),iteration_5,avg_of_10folds,クラス1(TRUE),0.7766666666666666,0.8583333333333332,0.7804761904761904
understand追加後 (merge3_4),iteration_6,avg_of_10folds,クラス0(FALSE),0.8150000000000001,0.8,0.7862698412698413
understand追加後 (merge3_4),iteration_6,avg_of_10folds,クラス1(TRUE),0.8416666666666666,0.8083333333333332,0.8046031746031745
understand追加後 (merge3_4),iteration_7,avg_of_10folds,クラス0(FALSE),0.8966666666666665,0.8166666666666667,0.8346031746031745
understand追加後 (merge3_4),iteration_7,avg_of_10folds,クラス1(TRUE),0.8266666666666665,0.8666666666666668,0.8290476190476191
understand追加後 (merge3_4),iteration_8,avg_of_10folds,クラス0(FALSE),0.9083333333333332,0.8416666666666666,0.8599999999999998
understand追加後 (merge3_4),iteration_8,avg_of_10folds,クラス1(TRUE),0.86,0.8916666666666666,0.8587301587301586
understand追加後 (merge3_4),iteration_9,avg_of_10folds,クラス0(FALSE),0.7816666666666666,0.7416666666666666,0.7476984126984128
understand追加後 (merge3_4),iteration_9,avg_of_10folds,クラス1(TRUE),0.7666666666666667,0.7666666666666666,0.7549206349206349
understand追加後 (merge3_4),iteration_10,avg_of_10folds,クラス0(FALSE),0.8716666666666667,0.6916666666666667,0.7441269841269842
understand追加後 (merge3_4),iteration_10,avg_of_10folds,クラス1(TRUE),0.755,0.8583333333333334,0.7899206349206349
understand追加後 (merge3_4),final_average,-,クラス0(FALSE),0.857547619047619,0.7908333333333333,0.7986219336219336
understand追加後 (merge3_4),final_average,-,クラス1(TRUE),0.8111666666666666,0.8308333333333333,0.8008888888888889
