25110001,4,3,2025/12/19 15:10,0,29370,4618.934968057974,0.15726710820762596,148.7181610673447,2897,26473,384,73,8633,3882,4783,189,7,0,29,29
25110001,13,3,2025/12/19 15:12,0,52358,7941.443127172217,0.15167583038260088,1266.5658913285595,3756,48602,700,92,38808,18428,741,301,12,0,37,48
25110001,19,3,2025/12/19 15:15,0,39329,7408.262078192772,0.18836639828606808,1001.6647452780259,3822,35507,922,145,22040,5219,638,199,10,0,37,66
25110001,21,3,2025/12/19 15:15,0,40359,5158.034521467478,0.12780382371881063,2673.596307150683,6262,34097,763,189,26088,11998,1246,245,9,0,31,33
25110001,26,3,2025/12/19 15:14,0,38213,6513.858982470749,0.17046185807109487,4883.589247531302,4829,33384,990,279,13590,2873,1102,78,12,0,31,40
25110001,30,3,2025/12/19 15:13,0,52422,7825.998483142609,0.14928843773878542,2265.240231967458,3615,48807,569,79,38021,13749,3205,177,11,0,41,42
25110001,34,2,2025/12/19 15:16,0,128037,23243.987054409452,0.18154117211750861,7481.18688617271,8761,119276,1884,320,101196,22452,1364,69,27,4,140,138
25110001,36,4,2025/12/19 15:19,0,48328,11871.812394983248,0.24565081102017977,9390.428961459984,4430,43898,1286,477,33763,5971,680,310,16,1,57,64
25110001,44,3,2025/12/19 15:11,0,30999,6098.248746419678,0.19672404743442298,2561.326623569759,9088,21911,548,152,16409,10140,615,206,9,0,31,30
25110001,51,2,2025/12/19 15:20,0,101244,14247.705055125374,0.1407264139615718,12443.4934991297,5362,95882,1866,320,78746,24917,2166,166,21,2,84,104
25110001,53,2,2025/12/19 15:22,0,55057,8188.910889155956,0.1487351451978124,6676.082183980077,6511,48546,914,385,36021,8465,3736,165,13,1,49,49
25110001,58,3,2025/12/19 15:23,0,58023,10711.336082402819,0.1846050028851114,5552.675564731681,3355,54668,659,87,44791,13044,1039,69,14,3,59,68
25110001,63,4,2025/12/19 15:24,0,24794,4644.874066374905,0.18733863299084072,379.37789553316134,3028,21766,6229,5790,7127,1774,489,189,7,0,27,26
25110001,67,4,2025/12/19 15:24,0,18027,5527.554226330537,0.30662640629780535,1006.6963423647476,5931,12096,584,204,8839,4830,462,184,8,0,27,26
25110001,69,4,2025/12/19 15:25,0,33738,5955.431940683536,0.17652000535549042,1028.196304484314,5153,28585,986,260,22049,7372,2025,216,9,0,33,34
25110001,70,3,2025/12/19 15:26,0,30340,5386.441118322084,0.17753596302973249,261.00345137120246,5691,24649,356,112,18243,6819,735,221,9,0,38,32
25110001,79,4,2025/12/19 15:26,0,36040,5802.09583507113,0.16099045047367175,908.3520232835085,5849,30191,1114,554,20982,12197,758,214,10,0,37,38
25110001,104,3,2025/12/19 15:27,0,36103,4715.092379836409,0.13060112400178403,503.26633607306974,8334,27769,208,44,19695,10385,373,182,7,0,29,24
25110001,110,3,2025/12/19 15:37,0,58365,5902.151660534812,0.10112484640683307,4750.05820863272,9434,48931,1042,226,34075,12730,2311,253,9,0,35,42
25110001,138,3,2025/12/19 15:38,0,32558,5049.582557109055,0.15509498608971853,4020.1093303318726,3693,28865,410,105,23426,8781,1351,261,9,0,29,28
25110001,174,4,2025/12/19 15:28,0,54710,10101.479506199834,0.18463680325717116,9273.896486833966,5835,48875,1831,449,39150,9508,1319,86,15,3,67,58
25110001,176,4,2025/12/19 15:29,0,24310,5472.833868496684,0.2251268559644872,1963.4209131519633,5310,19000,833,335,12681,2507,627,192,10,0,39,42
25110001,199,3,2025/12/19 15:30,0,35167,6114.347523783233,0.17386605407863145,5047.50324615361,6367,28800,1113,185,22033,3762,629,70,15,0,51,49
25110001,301,4,2025/12/19 15:41,0,28376,5893.719172940425,0.20770084483156276,2337.3099652213236,2168,26208,722,231,18075,6476,1144,172,9,0,33,42
25110001,307,4,2025/12/19 15:40,0,18958,4276.547797758716,0.22558011381784557,3405.355890783209,2982,15976,670,324,9107,2098,638,247,9,0,31,30
25110001,319,4,2025/12/19 15:39,0,62026,12611.005474760963,0.20331805170027026,9080.57106729243,4324,57702,1042,233,46352,18772,4001,285,15,4,59,60
25110001,350,3,2025/12/19 15:36,0,52163,7061.046546164945,0.13536503932221966,5959.903640333271,3207,48956,2896,2136,38378,11444,948,310,10,0,47,45
25110001,361,2,2025/12/19 15:32,0,202318,34537.05721492264,0.17070679432834768,33907.57192590235,12985,189333,2759,224,136680,26418,16333,84,28,3,171,152
25110001,385,2,2025/12/19 15:31,0,89159,18530.358380807935,0.2078349732590982,10449.03032060513,6831,82328,1277,196,61345,8162,6160,230,20,0,87,104
25110001,390,4,2025/12/19 15:30,0,13284,4294.952139829324,0.3233176859251222,596.9239288544287,4047,9237,642,205,5304,1018,582,76,10,0,20,26
25110002,5,3,2025/12/22 13:07,0,46480,6516.255794980306,0.14019483207788955,5916.839514698474,8881,37599,2628,726,27992,5916,2698,572,7,0,25,39
25110002,17,4,2025/12/22 13:08,0,63798,9507.935648331722,0.14903187636496007,5886.50771338218,10137,53661,3282,1449,30869,6714,3071,443,10,0,48,53
25110002,18,4,2025/12/22 13:13,0,32578,5948.201425277579,0.1825833821989557,3233.4248632776284,6686,25892,703,194,19665,11477,1100,273,9,0,35,39
25110002,22,4,2025/12/22 13:12,0,18574,3481.720796432345,0.1874513188560539,2829.4448986457587,5854,12720,639,278,8230,2955,853,307,7,0,24,26
25110002,27,4,2025/12/22 13:11,0,41485,8348.437006881572,0.20123989410344875,7087.292670226333,9416,32069,771,177,22616,7407,1801,384,8,1,48,46
25110002,28,4,2025/12/22 13:10,0,27425,3866.7876557729232,0.1409949920063053,3467.2829325783086,8813,18612,310,94,17257,10430,1005,353,5,0,21,22
25110002,39,4,2025/12/22 13:13,0,34595,5965.801724643403,0.17244693524045102,5569.544219939558,9265,25330,525,162,18664,8511,1334,329,8,1,31,30
25110002,52,2,2025/12/22 13:14,0,69744,11568.866547193411,0.1658761548978179,9494.630450365788,4795,64949,1741,300,50958,13752,4236,317,13,2,63,67
25110002,57,3,2025/12/22 13:15,0,56446,7190.342760294569,0.12738445169355792,4793.041201569122,7812,48634,3549,1545,38886,17154,1558,523,11,1,47,55
25110002,61,4,2025/12/22 13:17,0,39686,8367.874794816444,0.21085205852987057,7777.683744739372,6172,33514,889,95,26103,5534,1899,360,11,0,54,45
25110002,65,3,2025/12/22 13:18,0,35772,4356.1805841233045,0.12177626590974239,3966.004694404098,12307,23465,1186,241,15408,5454,1784,344,10,0,29,31
25110002,68,4,2025/12/22 13:18,0,25883,4216.690122646013,0.16291350008291208,1342.374803967802,5257,20626,329,88,15317,10092,501,304,9,0,25,24
25110002,74,3,2025/12/22 13:19,0,52627,9979.674318977077,0.18963030989752555,9418.343691593698,9051,43576,1294,297,34761,16065,1133,268,12,3,44,52
25110002,99,3,2025/12/22 13:20,0,33849,4522.1979252929095,0.13359915877257555,3980.7109858842487,10338,23511,1200,556,8504,3137,2160,323,8,0,30,35
25110002,105,3,2025/12/22 13:21,0,48949,7117.503247568107,0.14540650978708672,5712.87312284519,4889,44060,1231,534,30734,7891,4160,388,10,0,35,41
25110002,139,4,2025/12/22 13:29,0,76192,7143.356815790447,0.09375468311358735,6296.175742484524,6463,69729,1549,250,62419,32525,874,364,12,0,51,70
25110002,162,3,2025/12/22 13:32,0,30199,3986.9037489741745,0.13202105198762126,3342.433457658891,3020,27179,672,170,21342,12808,1357,291,7,0,23,28
25110002,191,3,2025/12/22 13:22,0,61800,9490.482553465814,0.15356767885867012,9042.872920994725,8123,53677,1600,372,49251,14223,1326,321,15,2,61,66
25110002,305,4,2025/12/22 13:37,0,14751,3131.329120787065,0.21227910791045118,2597.4988543792983,4850,9901,535,129,5399,1827,686,331,7,0,18,26
25110002,308,2,2025/12/22 13:35,0,113004,15917.686872974145,0.14085949942457032,12454.945734811992,10124,102880,2798,863,95921,25752,5229,420,14,1,76,79
25110002,309,4,2025/12/22 13:35,0,32879,4376.672421322732,0.13311452359629952,3401.550430668549,4223,28656,928,192,20697,8879,6011,345,6,0,29,27
25110002,314,4,2025/12/22 13:34,0,49388,5087.292344437869,0.10300664826350266,2480.274296391718,5142,44246,751,190,17253,11357,703,337,7,0,33,34
25110002,328,4,2025/12/22 13:33,0,29342,6640.170659114531,0.22630259215849402,5430.428807238752,7336,22006,814,226,15069,7828,1423,258,10,1,40,41
25110002,333,3,2025/12/22 13:32,0,43334,5204.090729967387,0.12009255388303382,2746.45614932984,11988,31346,873,355,24794,8114,1082,299,9,0,29,35
25110002,344,2,2025/12/22 13:31,0,46883,5977.727437755144,0.12750309147783084,5247.251308351888,20564,26319,1631,582,11719,4696,5032,493,7,0,23,37
25110002,386,4,2025/12/22 13:29,0,40274,6156.339191708203,0.1528613793441973,5715.084077249503,6326,33948,1299,418,28701,14768,764,291,10,1,48,41
25110002,388,3,2025/12/22 13:27,0,70330,9392.687748980663,0.1335516529074458,6190.298544554756,4076,66254,3735,1119,69730,18125,1564,382,14,1,59,68
25110002,391,3,2025/12/22 13:26,0,88257,9705.337875699995,0.10996677743068534,8499.466226914174,9016,79241,2144,646,63902,29156,9235,445,9,1,47,60
25110002,394,3,2025/12/22 13:25,0,62943,8419.125021020047,0.13375792416980517,7294.768145912437,3521,59422,864,268,46681,13212,1673,349,12,1,45,62
25110002,399,3,2025/12/22 13:23,0,98486,14241.51035801912,0.14460441441442562,13605.810805178939,8820,89666,4927,2660,73511,13169,3331,436,17,1,61,78
25110003,4,4,2025/12/19 13:22,0,23623,4103.039339400626,0.1736883266054534,1516.4490693052503,1921,21702,1992,425,8876,2232,2647,118,8,0,22,24
25110003,13,3,2025/12/19 13:24,0,59328,14611.98214364524,0.24629150053339469,1472.9884000005209,3665,55663,4501,919,32498,5287,3008,511,22,0,73,69
25110003,19,4,2025/12/19 13:28,0,31528,9310.007112059679,0.2952932984033138,2041.2487689052184,2337,29191,2550,394,16451,2767,1576,62,17,0,45,40
25110003,21,4,2025/12/19 13:28,0,21327,4181.946647404682,0.19608696241406115,285.4960057472113,5441,15886,1173,270,7720,2783,1871,344,8,0,23,27
25110003,26,3,2025/12/19 13:26,0,51423,10984.24598263423,0.21360570139109405,1714.4702929562009,3746,47677,2497,240,30612,6888,1231,384,20,0,73,64
25110003,30,4,2025/12/19 13:25,0,43366,6573.140672394575,0.1515735984963929,2959.8098072768175,5503,37863,1469,166,24037,8456,3391,561,11,0,40,41
25110003,34,2,2025/12/19 13:29,0,98129,22620.172091539873,0.23051465001722093,4619.268550395468,9340,88789,4696,580,54230,7088,6838,366,30,0,115,126
25110003,36,3,2025/12/19 13:31,0,88808,18515.564723018593,0.20848982887823836,10572.964681849244,2787,86021,8372,4112,46639,6611,5927,368,26,0,88,91
25110003,44,3,2025/12/19 13:22,0,63983,10930.472959503317,0.17083401777821167,1321.6767141529,2751,61232,4609,719,31160,5702,5463,567,20,0,70,61
25110003,51,3,2025/12/19 13:33,0,57286,14513.335354449096,0.2533487301338738,2060.607867688136,4951,52335,3793,458,27492,5938,3696,383,23,0,65,69
25110003,53,4,2025/12/19 13:34,0,41264,10950.987841486964,0.2653884219049768,1982.3975790649145,5170,36094,2513,230,19690,3168,2112,335,19,1,71,67
25110003,58,4,2025/12/19 13:35,0,34745,6634.49428321496,0.19094817335487005,738.5049119748629,2042,32703,1655,169,17035,6937,3696,309,11,1,43,42
25110003,63,4,2025/12/19 13:36,0,39448,10212.24798167764,0.2588787259601916,5101.165454617327,1858,37590,4096,1684,20680,2930,3568,193,15,0,57,50
25110003,67,4,2025/12/19 13:36,0,39122,8407.836446338815,0.21491325715297827,5345.8244440355575,4691,34431,2345,251,21386,7407,1072,321,16,1,59,62
25110003,69,4,2025/12/19 13:37,0,37200,7970.315084380626,0.21425578183818889,739.6931255502511,4196,33004,2795,744,20629,5110,1550,408,13,2,41,48
25110003,70,3,2025/12/19 13:38,0,55905,12556.889426281654,0.2246112051924095,1371.3054478766442,2860,53045,2866,1216,37360,14122,2006,390,19,0,63,55
25110003,79,4,2025/12/19 13:39,0,33215,8695.142217010156,0.26178359828421366,1393.0606010118672,3807,29408,1394,202,15790,3184,3425,415,12,2,51,40
25110003,104,3,2025/12/19 13:40,0,38902,9696.692263745274,0.2492594793004286,2497.1860198964227,5791,33111,4386,2069,12174,1369,3576,513,15,0,49,55
25110003,110,3,2025/12/19 13:49,0,67436,9623.728777455153,0.14270906900550379,3557.4535031222467,5660,61776,4322,1912,44223,31595,3511,457,13,1,59,69
25110003,138,4,2025/12/19 13:51,0,24791,7701.990072692157,0.3106768614695719,552.4800638809969,2919,21872,1562,242,12205,3001,1262,406,11,2,37,36
25110003,174,3,2025/12/19 13:41,0,45777,12175.070493183115,0.26596479658306826,1197.9842369543787,6771,39006,2841,316,24994,10490,1559,384,16,0,55,58
25110003,176,3,2025/12/19 13:42,0,35363,8496.488982817462,0.24026493744358401,8496.488982817462,2052,33311,2505,352,15368,5036,5376,497,12,2,45,36
25110003,199,4,2025/12/19 13:43,0,28933,9138.251237446882,0.3158418151400436,8426.64584785632,2517,26416,3722,1863,15203,3570,3177,544,10,1,31,39
25110003,301,4,2025/12/19 13:53,0,20000,6247.257048875937,0.3123628524437968,665.2814297462791,2851,17149,1818,288,9855,3606,790,367,9,1,31,28
25110003,307,4,2025/12/19 13:53,0,28112,7200.9247982023535,0.25615128052797215,970.0532445316305,3263,24849,1666,201,15652,3938,1440,381,11,2,33,42
25110003,319,3,2025/12/19 13:51,0,71654,15749.509425641227,0.21979944491083855,4804.499271577429,3886,67768,5038,480,47019,16322,2296,368,24,3,103,96
25110003,350,4,2025/12/19 13:49,0,18934,5958.815127435294,0.3147150695804,1118.7733371986324,1831,17103,1745,642,8779,1856,1647,70,11,1,31,31
25110003,361,2,2025/12/19 13:46,0,147879,33876.35937194011,0.22908160977515477,31468.4183525363,2712,145167,5683,847,94008,15154,8647,112,28,4,154,156
25110003,385,2,2025/12/19 13:44,0,49888,15688.180192237332,0.31446801219205683,8365.801481299084,3112,46776,2680,571,26640,6993,2303,439,19,3,65,66
25110003,390,4,2025/12/19 13:44,0,33022,8899.526514968617,0.2695029530303621,975.3197999587729,1471,31551,3514,1400,16534,2515,3839,465,14,2,45,44
25110004,4,4,2025/12/22 11:58,0,47908,8006.574321520461,0.16712395260750734,934.9586280562396,5340,42568,2028,637,27657,7982,2198,518,11,1,51,60
25110004,13,4,2025/12/22 12:02,0,53760,9067.237906836186,0.16866141939799453,2440.1189170123466,4089,49671,887,168,31603,5925,4755,417,11,0,45,58
25110004,19,4,2025/12/22 12:08,0,92683,13438.253685270343,0.14499157003194052,13438.253685270343,3357,89326,1366,112,70028,15459,1254,315,22,2,91,89
25110004,21,3,2025/12/22 12:07,0,50879,5006.3018684800845,0.09839623161776144,857.3113141562814,11148,39731,640,203,21471,15467,13155,272,9,0,31,31
25110004,26,2,2025/12/22 12:05,0,108882,15494.988772503944,0.1423099205791953,14027.035850044365,4924,103958,4467,1739,78969,18344,7877,81,24,3,116,108
25110004,30,2,2025/12/22 12:03,0,84750,8224.498046490675,0.0970442247373531,4830.42541864023,17366,67384,12627,3143,32122,11168,13614,68,14,0,59,73
25110004,34,3,2025/12/22 12:10,0,234884,27069.79687662422,0.1152475131410578,12674.82110192016,28087,206797,18235,6480,142391,19462,8070,136,35,4,164,178
25110004,36,4,2025/12/22 12:14,0,127241,19020.42729491761,0.1494834785557926,11939.337466898785,1408,125833,2882,360,87777,11368,6458,166,32,1,118,134
25110004,44,2,2025/12/22 11:59,0,134792,16602.482332355936,0.12317112538100136,5267.209521510548,11122,123670,3872,2468,76946,15151,8746,390,22,0,116,140
25110004,51,2,2025/12/22 12:16,0,101197,14992.16865872278,0.1481483508278188,4775.007116138784,8196,93001,1827,218,69039,19235,4021,294,20,1,83,94
25110004,53,2,2025/12/22 12:18,0,161318,21035.03979545165,0.13039487097194144,15034.853311106244,10764,150554,4942,1752,120967,30513,3700,84,37,3,137,141
25110004,58,3,2025/12/22 12:21,0,128918,15001.91703848775,0.11636790082446012,6474.872935260429,6375,122543,8903,1942,84342,17227,7786,285,19,2,97,118
25110004,63,2,2025/12/22 12:24,0,35105,4957.585115232248,0.14122162413423298,3736.5252500556653,6499,28606,1331,422,15809,4896,1194,347,9,0,25,32
25110004,67,4,2025/12/22 12:24,0,23689,5535.8962325182665,0.23369058349944136,1081.236309768203,8051,15638,1678,1222,12600,3540,726,274,9,1,31,38
25110004,69,4,2025/12/22 12:25,0,25615,4833.446245890146,0.1886959299586237,317.52620735322665,3908,21707,2316,1188,12470,3703,1853,310,11,0,24,30
25110004,70,2,2025/12/22 12:26,0,91157,8738.65182538393,0.09586374963397139,4414.116924168432,5234,85923,5615,2289,71116,25967,2772,113,18,0,61,79
25110004,79,4,2025/12/22 12:27,0,64876,7773.6937572803845,0.11982387565941773,942.1570682768528,5136,59740,2279,901,48016,16330,3563,517,11,1,39,44
25110004,104,2,2025/12/22 12:29,0,79758,9527.499396160092,0.11945509411168902,2514.9121155569087,12494,67264,8008,6157,53322,24670,4612,248,15,0,67,81
25110004,110,2,2025/12/22 12:55,0,104865,11584.348130019507,0.11046915682086023,1683.1825121757113,10390,94475,2998,1154,76695,19614,3841,83,15,1,67,81
25110004,138,2,2025/12/22 12:57,0,84161,10520.42574535029,0.12500357345267155,2196.448482751733,3321,80840,1822,383,58431,11160,3600,318,23,1,85,84
25110004,174,2,2025/12/22 12:30,0,136557,19089.645184204168,0.13979250557792108,3002.9849613698,9017,127540,2075,367,69786,17512,7350,307,20,1,106,117
25110004,176,2,2025/12/22 12:33,0,266654,18317.66119499853,0.0686944924696368,2683.936257269224,4875,261779,3122,548,237090,60606,1966,316,33,6,149,161
25110004,199,2,2025/12/22 12:37,0,58158,8098.12071766862,0.13924345262334709,7526.84525484083,9262,48896,1132,234,34447,11018,5356,405,12,2,46,52
25110004,301,4,2025/12/22 13:00,0,52425,7668.422247415131,0.14627414873467107,422.0795967541532,7679,44746,209,47,26544,16664,609,226,10,2,46,52
25110004,307,4,2025/12/22 13:00,0,29013,6767.580571894635,0.2332602823525535,388.7089813777235,5424,23589,703,248,12049,2415,1494,375,10,1,39,42
25110004,319,4,2025/12/22 12:58,0,66811,14844.038939868173,0.22217956533906352,12712.98594075151,4451,62360,1009,119,47823,7552,961,285,23,4,77,82
25110004,350,2,2025/12/22 12:53,0,38731,3803.7963486011113,0.09821064131060678,1752.4535709109214,3429,35302,1289,628,18412,7882,3961,346,9,0,23,27
25110004,361,2,2025/12/22 12:43,0,580094,57620.786476871,0.09933008525664978,56440.31712157383,57361,522733,28741,11814,430749,82625,14508,107,42,8,285,361
25110004,385,2,2025/12/22 12:40,0,210951,27395.105569443993,0.12986478172392638,23100.95437955587,7522,203429,16392,3511,121476,21158,22644,248,30,5,148,172
25110004,390,4,2025/12/22 12:39,0,41090,9397.693370012315,0.22870998710178425,734.4800730456939,10338,30752,994,119,16112,3171,1208,481,13,2,53,56
25110005,5,2,2025/12/18 9:59,0,71133,9766.986457429326,0.1373059825598432,1382.276703030546,7356,63777,4619,1174,32251,7127,4274,708,17,0,47,47
25110005,17,2,2025/12/18 10:02,0,79253,7481.685823681287,0.09440255666891205,1218.0694426563546,11538,67715,8322,3093,38949,17356,7358,597,12,1,34,34
25110005,18,3,2025/12/18 10:06,0,29940,4715.547001176393,0.15749989983889087,242.02597314704283,5973,23967,1661,312,11089,3569,1310,383,10,0,27,25
25110005,22,4,2025/12/18 10:06,0,8602,3255.76308071829,0.37848908169243084,823.2726033719453,1991,6611,468,116,3277,651,408,320,7,0,16,17
25110005,27,4,2025/12/18 10:05,0,28468,5352.526388192449,0.18801905255699203,480.1081409727597,9663,18805,1049,233,11704,6034,2356,283,9,1,25,32
25110005,28,3,2025/12/18 10:04,0,69238,8051.247528079391,0.11628365244633569,1861.992790367706,1776,67462,6728,4468,49954,22730,3800,650,8,1,33,34
25110005,39,2,2025/12/18 10:07,0,68568,6322.036077155727,0.09220096950699637,4650.716182873183,3801,64767,6805,2565,27844,7793,8167,469,14,2,37,40
25110005,52,2,2025/12/18 10:10,0,153136,9172.56424242431,0.059898157470642505,1014.9068679720597,2235,150901,11031,2709,98348,17718,11980,638,18,0,71,75
25110005,57,2,2025/12/18 10:13,0,107268,7809.288669146332,0.07280166190426159,2609.0892406236107,2149,105119,9147,2443,76831,39265,5682,562,13,2,47,44
25110005,61,4,2025/12/18 10:15,0,21025,4034.2500397965246,0.19187871770732579,732.8464117918406,3569,17456,6272,4042,6691,1969,4556,323,9,0,19,19
25110005,65,4,2025/12/19 17:25,0,28955,5642.244383087694,0.1948625240230597,3905.729106222075,1896,27059,1805,726,10555,1880,3628,520,10,1,29,31
25110005,68,4,2025/12/18 10:16,0,28506,7093.334844714512,0.2488365552765913,774.0162643503198,3222,25284,1941,520,14848,5442,1597,423,11,1,34,38
25110005,74,3,2025/12/18 10:17,0,58435,6306.7390071195,0.10792742375493282,2362.952898054951,5825,52610,6870,3301,35969,19166,3592,592,10,1,34,34
25110005,99,2,2025/12/18 10:18,0,69663,5953.6349572822755,0.08546337305717921,508.2399010618466,11730,57933,4452,3100,44357,31554,4053,424,9,1,35,32
25110005,105,3,2025/12/18 10:20,0,63477,6356.939808609703,0.10014556152007345,562.7819029875249,14234,49243,1879,292,26489,8457,7618,284,14,0,50,47
25110005,139,3,2025/12/19 14:10,0,64810,10868.455072330973,0.1676971929074367,9873.920455609408,5524,59286,4368,1764,35467,8431,5198,157,19,2,73,77
25110005,162,4,2025/12/19 14:11,0,33840,3271.24304288724,0.09666793861959928,448.91948732819503,1553,32287,4467,2340,6015,1473,11527,352,8,0,24,25
25110005,191,4,2025/12/18 10:21,0,25252,3941.6076481539326,0.15609090955781454,2518.9336861876986,9490,15762,386,88,6723,2580,3408,242,8,0,24,29
25110005,305,4,2025/12/18 10:43,0,14539,3836.49200050123,0.263875919973948,345.9322846723574,2442,12097,2402,1121,4514,1324,2194,241,8,0,19,20
25110005,308,2,2025/12/18 10:42,0,61956,11511.241526551266,0.18579704187732046,2033.1469900961977,7237,54719,6066,2974,32010,5359,3970,332,19,2,49,48
25110005,309,4,2025/12/18 10:41,0,35642,5486.636492575148,0.15393739107163312,945.9464167371009,2854,32788,782,119,20060,4250,2350,242,11,1,31,40
25110005,314,3,2025/12/18 10:41,0,37778,3728.4375223815105,0.09869335386684076,282.12852394397424,2048,35730,730,199,11850,7142,6579,389,9,0,24,21
25110005,328,4,2025/12/18 10:40,0,32710,7299.20344054212,0.2231489893164818,3221.4982358435127,4765,27945,1143,314,16513,4080,1223,314,12,1,35,41
25110005,333,2,2025/12/18 10:38,0,81116,6715.477131763779,0.08278856368366018,1176.7280495416783,8398,72718,5303,1300,33910,9531,9542,451,12,1,39,45
25110005,344,2,2025/12/18 10:34,0,54391,7943.402153050674,0.14604258338788906,1130.8087892979659,8942,45449,11868,10566,14449,8048,16900,417,9,1,32,36
25110005,386,3,2025/12/18 10:30,0,40899,4947.339025084243,0.12096479192851275,1077.0351931711762,3158,37741,1040,152,23303,6275,2602,408,12,0,31,30
25110005,388,2,2025/12/18 10:26,0,201160,11648.777327332427,0.05790802011996633,1183.404419549128,4151,197009,15293,3332,144120,41345,9632,432,20,1,74,66
25110005,391,4,2025/12/18 10:25,0,38584,5258.046051146806,0.13627529678485398,669.634444294127,14064,24520,5584,3543,10589,3734,3950,520,10,1,30,31
25110005,394,4,2025/12/18 10:22,0,32586,5587.348955344503,0.1714647074002487,1334.1290160900262,6925,25661,5046,1973,11736,2779,1784,532,10,1,27,33
25110005,399,4,2025/12/18 10:22,0,43155,9239.121832266415,0.21409157298728804,3821.5493394650316,2937,40218,2001,395,24621,6747,3023,395,15,1,41,46
25110006,4,2,2025/12/23 15:23,0,91368,14006.99524788282,0.15330307381011754,3224.483577187629,2721,88647,3500,847,59795,12056,3651,477,24,0,103,101
25110006,13,2,2025/12/23 15:27,0,117637,23864.59992868088,0.20286644447479008,20557.965159632648,13011,104626,2673,332,73057,16574,4754,136,25,2,146,136
25110006,19,2,2025/12/23 15:35,0,66283,9096.378524191327,0.13723546798110114,4420.189895476585,9544,56739,1508,421,26157,5822,7670,398,12,0,84,57
25110006,21,2,2025/12/23 15:33,0,60706,7151.702846759182,0.11780883021050936,1435.5280763654387,17540,43166,1448,232,30257,9001,4502,32,18,1,73,62
25110006,26,2,2025/12/23 15:32,0,56387,13023.980799268578,0.23097488426886656,10189.7365999091,7111,49276,2529,1111,25500,5078,9180,460,14,0,96,65
25110006,30,2,2025/12/23 15:30,0,92524,13983.396579281654,0.15113264211752253,3175.5708847481073,9675,82849,2917,1160,66869,18298,2349,450,18,0,108,86
25110006,34,2,2025/12/23 15:36,0,96332,19363.597209240375,0.20100898153511165,15478.915248673482,23781,72551,2516,560,45327,14653,6831,111,19,0,111,98
25110006,36,2,2025/12/23 15:38,0,148998,23676.032644680563,0.15890168085934417,23676.032644680563,24776,124222,8052,1868,74917,12887,8697,85,38,0,164,158
25110006,44,2,2025/12/23 15:25,0,83252,12295.438363916839,0.14768940522650315,4896.6903287115065,9398,73854,1311,250,54824,29167,5203,222,14,0,106,82
25110006,51,2,2025/12/23 15:41,0,167436,21866.449994958344,0.1305958694364315,7031.9196077278175,14051,153385,8720,3250,107825,24126,7939,269,24,0,148,112
25110006,53,2,2025/12/23 15:44,0,62442,10143.713831086105,0.1624501750598332,4643.65230000085,7759,54683,3094,880,30968,12062,6479,448,14,0,75,59
25110006,58,2,2025/12/23 15:45,0,82542,16748.14297970456,0.20290449685862422,11329.158170423954,9126,73416,2944,688,53928,14229,2809,380,17,0,101,78
25110006,63,2,2025/12/23 15:47,0,32904,7265.468958377283,0.2208080767802481,817.118640779091,10234,22670,324,141,9607,6358,2077,457,7,0,39,30
25110006,67,4,2025/12/23 15:48,0,28318,4782.729138621401,0.16889360613819482,1939.2399930132062,16008,12310,476,178,6882,2346,952,340,7,0,37,32
25110006,69,4,2025/12/23 15:49,0,51320,8583.960693898127,0.16726345857167044,7263.378003466488,14490,36830,1093,202,25402,13549,1744,374,11,0,43,46
25110006,70,4,2025/12/23 15:50,0,56264,10708.136084449885,0.19031949531583045,1107.9045670637956,18493,37771,1543,234,28204,10818,2897,396,10,1,65,59
25110006,79,4,2025/12/23 15:51,0,53846,7990.91174160503,0.14840307063858096,6147.297736425863,15279,38567,832,313,23834,5486,1745,370,10,0,54,35
25110006,104,2,2025/12/23 15:52,0,91777,11513.20156213215,0.12544756923992012,5199.526069112017,15089,76688,2061,388,42442,10777,2889,109,15,1,75,72
25110006,110,2,2025/12/23 16:09,0,106612,17861.28793796683,0.16753543632955792,7459.450631386108,23444,83168,3571,818,56286,22246,9006,290,17,2,102,79
25110006,138,2,2025/12/23 16:11,0,52865,9435.693403297746,0.17848658665086062,6746.948184168587,9039,43826,8477,7622,24252,14540,14847,265,10,1,59,46
25110006,174,2,2025/12/23 15:54,0,102909,18067.57994241009,0.17556851142669827,15562.164460437116,37320,65589,1252,250,41126,15665,9010,404,15,0,93,82
25110006,176,2,2025/12/23 15:56,0,64680,9672.929930747974,0.14955055551558402,5491.258332501445,24047,40633,1652,1010,27364,7469,1745,517,11,0,61,56
25110006,199,4,2025/12/23 15:57,0,67783,8967.069611107512,0.13229083414879117,5002.362286930231,14080,53703,2358,660,29439,11845,5267,355,15,0,69,69
25110006,301,2,2025/12/23 16:14,0,83491,15009.14572108305,0.17976962452339834,7987.667640141285,10164,73327,7172,4659,46808,10228,6306,109,19,1,88,77
25110006,307,4,2025/12/23 16:13,0,28889,6337.727367848448,0.21938202664849762,777.9566335937749,8737,20152,521,219,9921,3268,897,279,9,0,48,37
25110006,319,2,2025/12/23 16:12,0,60029,12078.47364401147,0.2012106422564339,8718.280390018022,9571,50458,1535,560,39958,9758,2192,38,16,0,66,61
25110006,350,2,2025/12/23 16:08,0,40756,6653.2643716098055,0.16324625506943286,1297.4820653104703,4291,36465,2833,1096,21691,6106,3894,411,11,0,47,36
25110006,361,2,2025/12/23 16:01,0,401386,65568.1021087463,0.1633542328550231,11286.958773781489,28380,373006,14985,4721,259865,36764,13482,443,57,2,396,322
25110006,385,2,2025/12/23 15:59,0,128566,26187.42179181349,0.20368854745277515,10598.683112188195,9109,119457,5109,2189,79108,19716,11097,382,19,1,125,111
25110006,390,4,2025/12/23 15:58,0,33654,5838.863964260277,0.1734968789522873,3183.1401668722565,17857,15797,807,190,7002,1615,3691,422,9,0,43,42
25110007,5,2,2025/12/19 17:52,0,82167,6904.861889941,0.08403448939283412,2066.83931606986,21523,60644,16447,9661,45525,18580,5414,534,7,0,29,31
25110007,17,2,2025/12/19 17:54,0,97774,12101.421486760146,0.12376931992922603,11469.325555219284,5647,92127,6486,2289,62528,23249,9798,384,15,0,66,58
25110007,18,4,2025/12/19 17:58,0,21604,5139.3578285403555,0.23788917925108108,2128.8101470687443,4238,17366,988,160,12680,5558,552,278,9,0,23,28
25110007,22,4,2025/12/19 17:57,0,12733,3595.396348263517,0.28236836160084167,992.3099046544193,3527,9206,947,255,5581,2298,584,285,7,0,23,27
25110007,27,4,2025/12/19 17:57,0,12333,3179.6572218392103,0.2578170130413695,264.14798479822593,4490,7843,528,146,3670,1113,766,288,7,0,19,20
25110007,28,2,2025/12/19 17:56,0,62334,5412.052794282534,0.08682344778583972,1846.1771464140118,15994,46340,936,165,27649,15846,1579,310,7,0,37,40
25110007,39,4,2025/12/19 17:58,0,25750,4411.0570198976,0.17130318523874175,2706.827562337104,3954,21796,577,160,12283,4964,4679,379,7,0,23,20
25110007,52,2,2025/12/19 17:59,0,66689,6558.449767425714,0.09834380133793749,534.6203920136679,11597,55092,1994,693,46104,12708,1614,374,9,0,36,44
25110007,57,2,2025/12/19 18:00,0,73639,7721.820317361249,0.1048604722682444,5687.079633953119,7607,66032,1824,374,44113,12612,11333,512,11,0,37,44
25110007,61,2,2025/12/19 18:02,0,81710,8514.824256324953,0.10420786019244833,7668.133056922568,4437,77273,6196,2910,47019,19073,9152,400,11,0,43,49
25110007,65,2,2025/12/19 18:04,0,29371,4451.514029428034,0.1515615412967905,1028.7764636676677,6941,22430,1453,345,13917,6621,1363,246,9,0,28,28
25110007,68,2,2025/12/19 18:04,0,83647,8742.655091886576,0.10451845364312619,5791.826631546011,8058,75589,2252,632,46774,16732,11508,408,10,0,35,42
25110007,74,2,2025/12/19 18:06,0,63143,6124.741389132931,0.09699794734385332,620.8343792154784,6832,56311,3889,740,35163,18656,4751,471,9,0,29,27
25110007,99,2,2025/12/19 18:07,0,64353,5277.805282081257,0.08201335263439556,4552.210791502841,8018,56335,1417,255,47249,29849,1688,329,9,0,33,36
25110007,105,2,2025/12/19 18:08,0,47103,7564.613427441636,0.160597274641565,6952.000616493355,6376,40727,2727,704,27175,12964,1537,368,12,0,37,47
25110007,139,2,2025/12/19 18:16,0,70343,9058.692335113923,0.1287788740189347,6818.633791357413,7584,62759,2970,1243,48028,18115,4645,246,13,0,49,70
25110007,162,4,2025/12/19 18:18,0,19400,4320.269895384227,0.22269432450434162,214.05933853031797,3700,15700,1054,255,11787,4458,837,239,7,0,23,25
25110007,191,2,2025/12/19 18:09,0,40117,5668.503209913473,0.1412992798542631,4596.325657107716,3758,36359,1837,968,26218,11010,2342,248,7,0,33,38
25110007,305,4,2025/12/19 18:25,0,22513,4181.669346021964,0.18574465180215716,216.82458146643103,3835,18678,644,120,4911,1915,422,235,7,0,19,24
25110007,308,3,2025/12/19 18:22,0,135601,12944.937330742536,0.09546343559960867,1124.11928795154,9492,126109,6378,1757,98921,34852,11358,310,13,1,63,74
25110007,309,4,2025/12/19 18:21,0,59869,7768.684670884699,0.12976139021671815,5921.245792479255,4501,55368,1767,658,37492,13100,5483,353,10,0,41,32
25110007,314,4,2025/12/19 18:21,0,40342,4236.916851086554,0.10502495788722804,4236.916851086554,4724,35618,1939,853,28381,20613,1619,279,9,0,32,28
25110007,328,4,2025/12/19 18:20,0,22112,5772.204980369359,0.2610440023683683,1140.1459995558237,6257,15855,877,184,12030,3927,439,240,9,0,23,44
25110007,333,2,2025/12/19 18:19,0,50296,5959.11850298406,0.11848096276014117,4846.377773812137,3417,46879,1948,462,31349,9700,7701,310,10,0,35,36
25110007,344,2,2025/12/19 18:17,0,64452,5276.689515877991,0.08187006634205286,4171.797561562996,8147,56305,1308,651,47829,40240,2207,240,6,0,31,36
25110007,386,4,2025/12/19 18:15,0,17781,3266.196315520287,0.18369024889040475,1641.821398557051,983,16798,443,104,13078,6269,337,294,9,0,21,20
25110007,388,2,2025/12/19 18:14,0,49030,6609.444994171498,0.1348040994120232,6037.164005274157,4471,44559,2317,336,28334,8043,2094,686,10,0,39,40
25110007,391,3,2025/12/19 18:13,0,73017,6274.662185195303,0.08593426442055005,4730.380785025707,11868,61149,9623,6755,45003,21789,5145,321,10,0,35,46
25110007,394,3,2025/12/19 18:11,0,65440,7301.032642838306,0.11156834723163671,6154.532855618372,9444,55996,1571,263,36084,9315,4463,318,9,0,39,44
25110007,399,3,2025/12/19 18:10,0,62957,10079.809187433231,0.16010625009821355,2787.4811352211696,8153,54804,3440,1150,33793,9964,6503,208,14,0,57,66
25110008,5,2,2025/12/23 10:39,0,115508,7515.578340224447,0.06506543564276454,4414.891057457898,7316,108192,4780,961,51398,19020,9166,869,12,0,40,63
25110008,17,2,2025/12/23 10:41,0,77288,8372.606822066571,0.10832997130300398,4094.0446593771494,8952,68336,5471,1675,42154,9830,3536,173,16,0,45,62
25110008,18,3,2025/12/23 10:45,0,39553,6007.559717565959,0.15188632259413845,1809.751428599913,5723,33830,2388,446,20515,5986,2941,145,13,0,35,49
25110008,22,4,2025/12/23 10:44,0,16647,3056.9584042119695,0.18363419259998615,126.79883259778737,4348,12299,589,229,7132,1880,773,229,8,0,19,23
25110008,27,4,2025/12/23 10:44,0,26435,4076.639679093917,0.1542137196555293,1035.484286758963,7611,18824,1340,318,6615,1596,4284,513,7,0,19,26
25110008,28,4,2025/12/23 10:43,0,29065,5430.351369430684,0.18683472800380815,220.82765142439536,6863,22202,1552,610,14211,3698,1585,170,10,0,27,32
25110008,39,4,2025/12/23 10:46,0,34634,3867.800455011893,0.11167640050273989,542.825206033652,3938,30696,4489,973,17782,4277,2020,530,10,0,25,32
25110008,52,2,2025/12/23 10:46,0,72265,8227.668169262115,0.11385412259409279,4379.051886766367,7916,64349,4309,1356,29702,8946,15241,507,13,0,53,64
25110008,57,2,2025/12/23 10:48,0,140438,14444.282099228985,0.10285166478609055,4368.08638742222,3790,136648,7409,636,80474,15875,7558,228,25,1,82,114
25110008,61,4,2025/12/23 10:51,0,29485,5397.856285813945,0.1830712662646751,718.7096469218939,4638,24847,2141,1139,16481,6853,1139,180,11,0,27,36
25110008,65,3,2025/12/23 10:51,0,40296,5426.761093639298,0.134672451202087,1071.4559183321257,3295,37001,2739,285,24738,8192,1807,613,11,0,27,36
25110008,68,3,2025/12/23 10:52,0,28371,3963.4843009344218,0.13970195978056543,569.188765274593,3973,24398,3561,763,15317,2825,1517,231,11,0,27,38
25110008,74,3,2025/12/23 10:53,0,66418,10549.606732653234,0.15883656136368504,7812.71626961367,3871,62547,3337,985,51128,5375,1411,215,23,2,71,82
25110008,99,4,2025/12/23 10:54,0,29385,5055.195244452615,0.17203318851293567,261.8031341308428,7574,21811,1109,264,12676,3502,1529,359,9,0,31,34
25110008,105,3,2025/12/23 10:55,0,43146,5573.0587514930485,0.12916744892905596,1106.913255490202,3332,39814,5845,3441,26902,8406,2563,224,12,0,27,44
25110008,139,3,2025/12/23 11:02,0,50297,7299.36459967881,0.1451252480203354,949.8237435993905,7019,43278,2225,393,23944,6718,3009,335,14,0,47,68
25110008,162,4,2025/12/23 11:04,0,16022,2682.7203557210414,0.16743979251785304,149.176130176138,2132,13890,2022,640,6830,1694,1039,172,8,0,14,18
25110008,191,4,2025/12/23 10:56,0,26464,4330.318098225699,0.16363052064033023,843.3027015291533,10650,15814,1101,240,9413,2547,1090,425,8,0,22,27
25110008,305,4,2025/12/23 11:09,0,16141,3608.148072120163,0.22353931430023932,70.32774448405996,3101,13040,562,192,7196,2244,1556,320,7,0,20,23
25110008,308,2,2025/12/23 11:08,0,79331,8474.417527378797,0.10682353086912805,1945.0613327985584,3149,76182,8980,1678,56314,9854,3158,218,20,0,61,67
25110008,309,4,2025/12/23 11:07,0,32730,5229.424349309066,0.1597746516745819,849.8735025279419,5414,27316,1948,527,18396,4590,1770,397,10,0,33,40
25110008,314,3,2025/12/23 11:06,0,18451,3727.281602817066,0.2020097340424403,717.8538647521868,2155,16296,1292,200,8670,2087,2112,332,9,0,25,34
25110008,328,4,2025/12/23 11:06,0,22938,4083.565598440286,0.17802622715320804,791.1282155809378,4143,18795,650,201,12004,2607,773,390,9,0,21,43
25110008,333,3,2025/12/23 11:05,0,52244,5663.6291895084105,0.10840726570531373,749.4402744604032,4137,48107,2973,384,20022,5253,12127,358,11,0,42,57
25110008,344,3,2025/12/23 11:03,0,42636,4519.090559337754,0.1059923669982586,658.9793113113191,8908,33728,2333,467,12720,2969,7323,167,11,0,25,36
25110008,386,3,2025/12/23 11:01,0,33002,4055.0245263884217,0.12287208430969097,645.9341544127506,6341,26661,1455,322,16331,6897,1368,347,9,0,21,36
25110008,388,4,2025/12/23 11:00,0,28260,5975.053663748257,0.21143148137821152,761.9925541239752,4478,23782,395,193,16041,3495,1800,321,11,0,31,46
25110008,391,4,2025/12/23 10:58,0,28815,3619.4588331756895,0.12561023193391252,581.9290112539329,3361,25454,1722,353,14268,4639,4519,189,11,0,29,34
25110008,394,4,2025/12/23 10:57,0,31116,5071.904330551612,0.16299988207197622,1020.3799111639352,11386,19730,1378,345,10667,2156,1612,172,10,0,29,34
25110008,399,4,2025/12/23 10:56,0,42724,8912.80092864979,0.20861344744522495,781.4764208861073,3926,38798,3160,1774,19848,3405,3023,403,15,0,45,57
25110009,5,3,2025/12/21 12:11,0,56067,4421.746624726575,0.07886540433279067,1123.3783552109355,6527,49540,4928,1671,19789,7054,4025,139,8,0,17,29
25110009,17,2,2025/12/21 12:12,0,163294,16348.988421256672,0.10011995799757904,3490.841251732473,29516,133778,4739,377,106455,21151,2078,149,23,0,85,118
25110009,18,4,2025/12/21 12:18,0,28170,4642.674516888977,0.1648091770283627,463.7686791312478,5145,23025,1186,180,8491,1641,1034,428,9,0,26,35
25110009,22,4,2025/12/21 12:18,0,19147,4021.9911566001347,0.21005855520970046,643.7979747003612,4718,14429,3201,2173,5058,1777,1268,427,7,0,25,28
25110009,27,4,2025/12/21 12:17,0,15258,3105.852137928845,0.20355565198118003,652.5422989959295,5304,9954,763,157,4610,1118,1431,365,7,0,19,20
25110009,28,2,2025/12/21 12:16,0,86505,7347.461516729711,0.08493684199444784,1267.034636663902,10098,76407,5619,2371,46045,10328,6251,99,15,0,51,60
25110009,39,3,2025/12/21 12:19,0,39041,5457.872613994438,0.13979848400385333,2389.85010772591,5951,33090,937,229,23413,15376,969,229,7,1,30,38
25110009,52,2,2025/12/21 12:20,0,162464,9196.268179040539,0.05660495973902242,1061.2571947814463,7196,155268,7274,3246,130498,74499,1768,223,16,0,69,82
25110009,57,3,2025/12/21 12:23,0,127429,9548.672453797652,0.07493327620712437,1068.6283957599771,5612,121817,9674,6663,86996,23309,1501,297,17,0,81,83
25110009,61,3,2025/12/21 12:25,0,48393,7303.747515216669,0.1509257023787876,990.987650436787,11226,37167,2866,1254,20909,4612,1382,719,10,0,42,59
25110009,65,3,2025/12/21 12:27,0,90518,6222.705648986948,0.06874550530266851,1654.264017987836,4824,85694,2866,436,61733,24740,5337,584,12,0,36,58
25110009,68,2,2025/12/21 12:28,0,115753,8274.968340903506,0.07148815444008799,4407.23196756101,4468,111285,5200,2965,50673,18019,7994,170,13,0,56,73
25110009,74,2,2025/12/21 12:31,0,87113,9727.754821237002,0.11166823345811765,1169.203092785351,4971,82142,7152,2105,68544,33258,3446,221,15,0,58,79
25110009,99,2,2025/12/21 12:32,0,76941,6254.719496851354,0.08129241232699541,1315.3665112837207,5575,71366,4142,3127,31364,17002,1695,510,8,0,31,52
25110009,105,3,2025/12/21 12:34,0,51224,8311.39006650474,0.1622557798396209,438.7772531248849,6712,44512,10949,7527,23640,7736,1166,119,10,0,55,71
25110009,139,2,2025/12/21 12:43,0,113656,7700.316020822114,0.06775107359771693,1999.2464436583405,13164,100492,1681,451,74680,43550,2570,504,13,0,48,57
25110009,162,3,2025/12/21 12:46,0,39936,3795.270741882807,0.0950338226633315,462.80971953833284,3083,36853,1870,913,10687,4643,1543,498,7,0,17,26
25110009,191,4,2025/12/21 12:35,0,57129,6901.660215250212,0.1208083497917032,1951.912916799341,17531,39598,710,216,19691,9075,1018,595,9,0,44,59
25110009,305,4,2025/12/21 12:51,0,18218,3692.528181302705,0.2026857054178672,157.57141559830248,2548,15670,1387,428,7137,1696,832,486,7,0,22,26
25110009,308,3,2025/12/21 12:50,0,65137,8892.769700914318,0.13652409077658348,941.3583347806443,12161,52976,1745,270,26851,4590,3915,488,15,0,44,58
25110009,309,4,2025/12/21 12:49,0,32072,4752.077664341938,0.1481690466557102,863.317396101216,2208,29864,1570,589,8742,2357,4663,420,8,0,26,34
25110009,314,3,2025/12/21 12:49,0,18431,3171.2404724710123,0.17206014174331355,286.57710958322866,2073,16358,1291,441,9362,3520,830,444,7,0,18,26
25110009,328,4,2025/12/21 12:48,0,36220,5768.039395467023,0.15925012135469416,409.53567862988007,7175,29045,1712,855,12386,2716,5901,485,9,0,31,43
25110009,333,4,2025/12/21 12:47,0,36688,4867.914005541373,0.1326840930424491,239.7763975108518,5312,31376,2828,426,16459,4051,2184,226,10,0,34,36
25110009,344,3,2025/12/21 12:45,0,42934,5186.803119531261,0.12080875575374436,873.607904148396,3506,39428,1088,241,29133,13330,2517,439,7,0,31,38
25110009,386,2,2025/12/21 12:41,0,98876,9505.763295026214,0.09613822661744219,2331.878366335128,5099,93777,5078,1482,58141,15647,12200,356,13,0,65,77
25110009,388,3,2025/12/21 12:40,0,33167,6496.969459714961,0.1958865577144439,991.1516918492622,3248,29919,1180,243,16505,3905,1353,428,10,0,43,48
25110009,391,4,2025/12/21 12:40,0,43822,6914.297866520082,0.15778143093697417,1502.7215363364544,6316,37506,3461,1360,24151,5129,2464,524,11,0,47,54
25110009,394,3,2025/12/21 12:38,0,73487,6820.620503365751,0.09281397394594623,974.3743576236786,7446,66041,2091,335,44069,31442,920,72,11,0,35,38
25110009,399,3,2025/12/21 12:36,0,110132,15314.808538428239,0.13905866177340137,4023.3601992859326,5073,105059,8507,3046,66711,22020,4007,454,23,2,116,138
25110010,4,2,2025/12/18 10:05,0,52684,4556.333887035975,0.08648420558492094,4128.704848232486,27228,25456,5429,4570,10658,3954,5396,421,7,0,23,36
25110010,13,4,2025/12/18 10:06,0,27373,5596.485619225818,0.204452768027831,1049.1685527388158,4083,23290,743,284,14992,2431,1106,347,11,1,31,52
25110010,19,3,2025/12/18 10:10,0,30498,3666.667981131759,0.12022650603750275,1218.1873530529067,2423,28075,1852,641,13634,3840,1080,169,10,0,23,30
25110010,21,2,2025/12/18 10:09,0,21490,3625.2368657556744,0.16869413056098997,1898.0407030946733,6550,14940,645,253,8189,1797,854,164,9,0,25,34
25110010,26,3,2025/12/18 10:08,0,43732,6651.643924772495,0.15210015377235192,2522.3397252040186,2636,41096,1777,598,22228,10172,4242,220,13,0,30,53
25110010,30,2,2025/12/18 10:07,0,26729,4912.801387174858,0.18380041854071824,2932.4052211990906,2290,24439,785,330,17171,4422,963,50,11,0,30,40
25110010,34,2,2025/12/18 10:11,0,88869,8912.561640332076,0.10028875806335254,7045.5251887815375,6477,82392,4127,1267,53947,12730,2606,213,17,0,51,86
25110010,36,4,2025/12/18 10:12,0,43963,6628.8720064564295,0.15078297674081453,2616.6484635803276,4358,39605,1075,599,23849,9875,1138,367,11,0,43,56
25110010,44,2,2025/12/20 14:27,0,51988,5921.600933996057,0.11390322639832379,804.404861194348,6795,45193,3910,1442,24166,4809,4374,426,11,0,41,49
25110010,51,2,2025/12/18 10:13,0,62651,7379.8506046774155,0.11779302173432851,5019.7467255070205,5170,57481,4465,982,26245,5240,2149,393,12,0,39,53
25110010,53,3,2025/12/18 10:15,0,34371,5669.728233665201,0.16495674358224086,321.5336037834474,3008,31363,1805,428,15244,3259,1154,231,11,0,34,49
25110010,58,2,2025/12/18 10:15,0,46412,7166.718715959521,0.15441520977246231,3196.486883482777,4855,41557,5012,1568,23211,11536,1766,94,11,0,33,57
25110010,63,4,2025/12/18 10:16,0,18839,3214.350401020775,0.17062213498703618,243.86160389854658,1922,16917,396,201,11270,4228,826,340,7,0,23,29
25110010,67,4,2025/12/18 10:17,0,13990,3134.5218023506386,0.22405445334886623,90.26661083907823,3530,10460,784,382,6389,1669,635,290,7,0,15,20
25110010,69,4,2025/12/18 10:17,0,42347,4669.260868115805,0.11026190445877643,4065.177835258067,9627,32720,1499,250,19687,5529,799,211,11,0,37,48
25110010,70,4,2025/12/18 10:18,0,34787,5188.472451330743,0.1491497528194654,4767.004424700196,3805,30982,1113,244,16281,3265,1409,185,12,0,31,51
25110010,79,2,2025/12/18 10:19,0,46252,7683.148922046188,0.16611495550562544,4681.872878181824,4880,41372,1479,284,21472,5006,1909,78,15,0,46,63
25110010,104,2,2025/12/18 10:20,0,50051,6065.049579988955,0.12117739066130456,308.7757992143781,8357,41694,596,214,31403,14260,719,379,6,0,25,42
25110010,110,2,2025/12/20 14:28,0,45528,5882.621575064721,0.1292088731124741,1158.2677287622541,4711,40817,1608,563,27855,9147,1085,645,8,0,37,42
25110010,138,2,2025/12/20 14:29,0,38416,4540.521995673367,0.11819351300690772,2518.0998063063325,3479,34937,1931,1049,14743,3888,2022,450,9,0,30,38
25110010,174,2,2025/12/18 10:21,0,83708,7575.924632642644,0.09050418875905103,5140.663700656131,7252,76456,13530,3497,35160,7216,13389,409,14,0,51,78
25110010,176,3,2025/12/18 10:22,0,23557,3956.834503879571,0.16796852332128756,708.0256606699597,3168,20389,2159,1791,12891,3791,962,337,9,0,23,28
25110010,199,3,2025/12/18 10:23,0,45742,5426.701153939083,0.11863716396176563,244.47642004084247,2904,42838,5172,4350,16058,3103,1150,436,9,0,36,60
25110010,301,2,2025/12/18 10:44,0,80277,7589.216219265836,0.094537865381938,3125.744656926808,2600,77677,1073,379,47028,10536,2649,282,12,0,41,79
25110010,307,4,2025/12/18 10:43,0,24323,3656.010213624433,0.15031082570507065,350.42967020440955,3047,21276,1842,651,10560,2495,2911,332,9,0,27,34
25110010,319,4,2025/12/18 10:43,0,34932,5224.853961643041,0.14957213905997482,3235.3058130487684,4820,30112,3327,1198,19472,3096,2955,559,9,0,23,49
25110010,350,2,2025/12/18 10:36,0,27161,4269.372485849676,0.1571876030282271,752.4932643392494,2898,24263,5561,4404,15717,7097,946,374,8,0,25,30
25110010,361,2,2025/12/18 10:27,0,497067,49486.220649772935,0.09955643937290734,46588.323130621706,11451,485616,20813,2806,405294,33121,13854,218,46,0,235,383
25110010,385,2,2025/12/18 10:25,0,127859,14891.211506718513,0.11646588434696434,14336.368534843612,6731,121128,2585,551,98478,30246,4214,380,19,0,76,119
25110010,390,4,2025/12/18 10:24,0,29457,5168.118180925182,0.1754461819236576,4052.922581249152,7997,21460,953,260,13264,4553,835,339,9,0,35,45
25110011,4,4,2025/12/23 10:07,0,28183,3252.8156014789306,0.11541764898977862,1135.2619389789934,5949,22234,1279,304,11381,4373,1255,538,7,0,17,23
25110011,13,4,2025/12/23 10:09,0,28602,5202.214612023163,0.18188289672131888,513.4859558858067,4243,24359,1213,233,15429,3501,1585,447,10,0,27,28
25110011,19,3,2025/12/23 10:12,0,29236,4187.122637683254,0.14321804069240845,715.7668572129727,2305,26931,1262,371,19229,5668,1037,548,8,0,23,30
25110011,21,4,2025/12/23 10:12,0,19547,4069.890704012798,0.20821050309575884,1138.6136639351487,5999,13548,850,162,6450,1390,985,390,8,0,19,21
25110011,26,4,2025/12/23 10:11,0,35230,5300.498800082984,0.15045412432821414,649.6719440182385,3329,31901,1739,324,21620,8382,980,437,10,0,23,26
25110011,30,3,2025/12/23 10:10,0,40904,5082.585987023278,0.12425645381926653,4433.047821045895,3494,37410,2739,701,29008,12010,1007,581,10,0,27,32
25110011,34,2,2025/12/23 10:13,0,136194,13338.86103027382,0.0979401517708109,11158.488449697428,11614,124580,5090,590,92944,36927,3119,734,19,2,57,90
25110011,36,4,2025/12/23 10:16,0,30875,5020.967208633218,0.1626224197128168,2124.751461271375,6262,24613,2083,580,16035,4656,819,411,11,0,26,30
25110011,44,3,2025/12/23 10:08,0,44751,6971.486284996625,0.15578392181172768,1202.0994827863462,6526,38225,3871,1795,28467,7267,1056,63,14,0,29,49
25110011,51,3,2025/12/23 10:16,0,58689,5875.2116709752645,0.10010754436053203,1474.3028161499076,11802,46887,3929,1546,34651,9445,2273,427,11,0,25,30
25110011,53,3,2025/12/23 10:18,0,30266,4962.15622942202,0.1639515043091925,283.7490894493562,5044,25222,1484,283,16202,5314,1439,523,10,0,21,33
25110011,58,3,2025/12/23 10:18,0,45909,5449.290852045783,0.11869765954487754,2420.91091217406,6319,39590,1907,349,30698,13789,1107,508,9,0,28,34
25110011,63,3,2025/12/23 10:19,0,19313,3706.7573191276756,0.19193068498564053,213.5720710058135,5142,14171,1179,602,7389,2039,1235,371,7,0,15,20
25110011,67,3,2025/12/23 10:20,0,32346,4129.951261378489,0.12768043224443484,430.32042987862377,6438,25908,2485,641,14212,4500,3195,550,8,0,23,28
25110011,69,4,2025/12/23 10:20,0,46323,6317.119601739954,0.13637112453295241,607.8633526653448,7494,38829,2391,558,26851,13405,2290,588,10,1,35,39
25110011,70,3,2025/12/23 10:22,0,32807,5371.3024212864175,0.16372427900406675,621.061467138705,6916,25891,1705,186,16714,3600,1055,422,10,0,25,27
25110011,79,3,2025/12/23 10:22,0,36397,4914.294343038787,0.1350192143044423,945.0363159091619,5057,31340,1474,266,21951,10449,980,424,10,0,25,28
25110011,104,2,2025/12/23 10:23,0,33404,4146.797649269407,0.12414075108578035,398.67039267823935,9422,23982,1554,379,12188,3241,6432,418,7,0,23,25
25110011,110,2,2025/12/23 10:33,0,45363,6553.544757919467,0.14446894512971953,962.0100578708361,12029,33334,1423,209,25368,12607,1168,71,11,0,30,39
25110011,138,3,2025/12/23 10:34,0,26296,4740.6841348062935,0.1802815688624237,1865.162693017559,4325,21971,2773,738,13946,4672,1226,340,11,0,27,26
25110011,174,3,2025/12/23 10:24,0,49238,4875.140028683561,0.0990117394833982,481.92845771280736,5803,43435,3253,466,31770,7102,1418,466,9,0,25,32
25110011,176,4,2025/12/23 10:25,0,32906,5884.195212939663,0.17881830708501986,536.8419363053571,4351,28555,2129,314,19347,7458,1043,529,10,0,25,30
25110011,199,2,2025/12/23 10:26,0,33277,5758.044551886429,0.1730337636171058,1083.4202398041173,5110,28167,1677,510,20416,8272,899,293,11,0,25,31
25110011,301,3,2025/12/23 10:36,0,42845,5281.440601480584,0.12326854012091454,460.1618713417894,4083,38762,1192,227,29663,15479,2442,395,9,0,31,42
25110011,307,4,2025/12/23 10:35,0,28877,4161.610856081886,0.1441150692967374,595.2926607927589,4790,24087,1782,473,15593,7473,1486,305,9,0,23,28
25110011,319,4,2025/12/23 10:35,0,43669,6944.543634527933,0.15902685279094858,670.6097288892785,5788,37881,2240,747,26677,16991,1492,409,10,0,33,41
25110011,350,2,2025/12/23 10:31,0,63438,5729.07607145542,0.0903098469601094,851.8944113736364,4647,58791,15898,11673,29206,7768,2743,205,9,0,35,45
25110011,361,2,2025/12/23 10:29,0,130914,14004.107059061038,0.10697180636953296,12573.592103038729,8796,122118,11021,4426,103851,56467,1191,379,14,1,63,77
25110011,385,2,2025/12/23 10:27,0,99461,11357.690751092581,0.11419240457156656,11090.228755566108,10396,89065,9256,5062,52727,8204,13371,410,16,0,53,60
25110011,390,4,2025/12/23 10:26,0,19585,3869.932668061552,0.19759676630388318,461.0412594277118,5597,13988,1318,462,8167,1914,706,355,8,1,17,24
